{
    "providers": [
        {
            "type": "bitmap",
            "file": "minecraft:ranks/moderazione.png",
            "ascent": 8,
            "height": 8,
            "chars": [
                ""
            ]
        },
        {
            "type": "bitmap",
            "file": "minecraft:ranks/mpv.png",
            "ascent": 8,
            "height": 8,
            "chars": [
                ""
            ]
        },
        {
            "type": "bitmap",
            "file": "minecraft:ranks/polizia.png",
            "ascent": 8,
            "height": 8,
            "chars": [
                ""
            ]
        },
        {
            "type": "bitmap",
            "file": "minecraft:ranks/praticante_avvocato.png",
            "ascent": 8,
            "height": 8,
            "chars": [
                ""
            ]
        },
        {
            "type": "bitmap",
            "file": "minecraft:ranks/radio.png",
            "ascent": 8,
            "height": 8,
            "chars": [
                ""
            ]
        },
        {
            "type": "bitmap",
            "file": "minecraft:ranks/sindaco.png",
            "ascent": 8,
            "height": 8,
            "chars": [
                ""
            ]
        },
        {
            "type": "bitmap",
            "file": "minecraft:ranks/supporto.png",
            "ascent": 8,
            "height": 8,
            "chars": [
                ""
            ]
        },
        {
            "type": "bitmap",
            "file": "minecraft:ranks/vip.png",
            "ascent": 8,
            "height": 8,
            "chars": [
                ""
            ]
        },
        {
            "type": "bitmap",
            "file": "minecraft:ranks/aetherrp.png",
            "ascent": 8,
            "height": 8,
            "chars": [
                ""
            ]
        },
        {
            "type": "bitmap",
            "file": "minecraft:ranks/aetherrp_small.png",
            "ascent": 8,
            "height": 8,
            "chars": [
                ""
            ]
        },
        {
            "type": "bitmap",
            "file": "minecraft:ranks/amministratore.png",
            "ascent": 8,
            "height": 8,
            "chars": [
                ""
            ]
        },
        {
            "type": "bitmap",
            "file": "minecraft:ranks/annuncio.png",
            "ascent": 8,
            "height": 8,
            "chars": [
                ""
            ]
        },
        {
            "type": "bitmap",
            "file": "minecraft:ranks/armeria.png",
            "ascent": 8,
            "height": 8,
            "chars": [
                ""
            ]
        },
        {
            "type": "bitmap",
            "file": "minecraft:ranks/avvocato.png",
            "ascent": 8,
            "height": 8,
            "chars": [
                ""
            ]
        },
        {
            "type": "bitmap",
            "file": "minecraft:ranks/carabinieri.png",
            "ascent": 8,
            "height": 8,
            "chars": [
                ""
            ]
        },
        {
            "type": "bitmap",
            "file": "minecraft:ranks/direzione.png",
            "ascent": 8,
            "height": 8,
            "chars": [
                ""
            ]
        },
        {
            "type": "bitmap",
            "file": "minecraft:ranks/disoccupato.png",
            "ascent": 8,
            "height": 8,
            "chars": [
                ""
            ]
        },
        {
            "type": "bitmap",
            "file": "minecraft:ranks/droga.png",
            "ascent": 8,
            "height": 8,
            "chars": [
                ""
            ]
        },
        {
            "type": "bitmap",
            "file": "minecraft:ranks/gis.png",
            "ascent": 8,
            "height": 8,
            "chars": [
                ""
            ]
        },
        {
            "type": "bitmap",
            "file": "minecraft:ranks/illegale.png",
            "ascent": 8,
            "height": 8,
            "chars": [
                ""
            ]
        },
        {
            "type": "bitmap",
            "file": "minecraft:ranks/medico.png",
            "ascent": 8,
            "height": 8,
            "chars": [
                ""
            ]
        },
        {
            "type": "bitmap",
            "file": "minecraft:ranks/telefono.png",
            "ascent": 8,
            "height": 8,
            "chars": [
                ""
            ]
        },
        {
            "type": "bitmap",
            "file": "minecraft:ranks/business.png",
            "ascent": 8,
            "height": 8,
            "chars": [
                ""
            ]
        },
        {
            "type": "bitmap",
            "file": "minecraft:ranks/spacciatore.png",
            "ascent": 8,
            "height": 8,
            "chars": [
                ""
            ]
        },
        {
            "type": "bitmap",
            "file": "minecraft:ranks/imprenditore.png",
            "ascent": 8,
            "height": 8,
            "chars": [
                ""
            ]
        },
        {
            "type": "bitmap",
            "file": "minecraft:ranks/giudice.png",
            "ascent": 8,
            "height": 8,
            "chars": [
                ""
            ]
        },
        {
            "type": "bitmap",
            "file": "minecraft:ranks/procuratore.png",
            "ascent": 8,
            "height": 8,
            "chars": [
                ""
            ]
        },
        {
            "type": "bitmap",
            "file": "minecraft:ranks/municipio.png",
            "ascent": 8,
            "height": 8,
            "chars": [
                ""
            ]
        },
        {
            "type": "bitmap",
            "file": "minecraft:ranks/dottore.png",
            "ascent": 8,
            "height": 8,
            "chars": [
                ""
            ]
        }
    ]
}